tweet_id,created_at,created_at_et,text,tweet_type,counts_for_resolution,in_reply_to_user_id,conversation_id,is_self_reply,like_count,reply_count,retweet_count,quote_count,impression_count,bookmark_count,source,lang
2035506574182199757,2026-03-21T23:59:19.000Z,2026-03-21T19:59:19-04:00,"Formal announcement of the TERAFAB project, which will be done jointly by @SpaceX and @Tesla, tonight around 8pm CT. Livestream on 𝕏.

The goal is to produce over a TERAWATT of compute per year (logic, memory &amp; packaging) with ~80% for space and ~20% for the ground.",original,True,,2035506574182199757,False,42240,2846,5545,636,22082851,2596,,en
2035502735588798596,2026-03-21T23:44:04.000Z,2026-03-21T19:44:04-04:00,Big difference https://t.co/IkJQAJUU8R,quote,True,,2035502735588798596,False,49738,1806,5059,93,17593209,2174,,en
2035482522055012475,2026-03-21T22:23:45.000Z,2026-03-21T18:23:45-04:00,RT @dogeofficialceo: https://t.co/cRyP4BfFmK,retweet,True,,2035482522055012475,False,0,0,670,0,4049,0,,zxx
2035482478161576244,2026-03-21T22:23:34.000Z,2026-03-21T18:23:34-04:00,"RT @XFreeze: It’s actually insane what SpaceX is doing to the space industry right now

In 1981, it cost ~$65,000 to put 1 kg into orbit
Fo…",retweet,True,,2035482478161576244,False,0,0,1402,0,1967,0,,en
2035482345038573929,2026-03-21T22:23:03.000Z,2026-03-21T18:23:03-04:00,"RT @JessePeltan: “China quality bad” is weapons grade cope.

The fact is that China has a grid that powers the largest manufacturing base t…",retweet,True,,2035482345038573929,False,0,0,506,0,1818,0,,en
2035482255624458544,2026-03-21T22:22:41.000Z,2026-03-21T18:22:41-04:00,"RT @TAmTrib: ""Your artificial meritocracy of Excel spreadsheets is propped up by millions of Americans with guns protecting you from the na…",retweet,True,,2035482255624458544,False,0,0,1539,0,2957,0,,en
2035481808213827662,2026-03-21T22:20:55.000Z,2026-03-21T18:20:55-04:00,"RT @_SFTahoe: Changing Fiction to Reality
The Space Race will force us to drop the word “fiction” from so many things that used to be just…",retweet,True,,2035481808213827662,False,0,0,546,0,3203,0,,en
2035480739861688729,2026-03-21T22:16:40.000Z,2026-03-21T18:16:40-04:00,RT @Adams_Tech_AI: @cb_doge Elon❤️ https://t.co/qemPmOoNPg,retweet,True,,2035480739861688729,False,0,0,415,0,996,0,,es
2035480701177590253,2026-03-21T22:16:31.000Z,2026-03-21T18:16:31-04:00,RT @cb_doge: https://t.co/LuzS4qvPe1,retweet,True,,2035480701177590253,False,0,0,447,0,2298,0,,zxx
2035470539163308439,2026-03-21T21:36:08.000Z,2026-03-21T17:36:08-04:00,RT @liam_out_loud: “We seem to be getting closer and closer to a situation where nobody is responsible for what they did but we are all res…,retweet,True,,2035470539163308439,False,0,0,788,0,2069,0,,en
2035456731187388565,2026-03-21T20:41:16.000Z,2026-03-21T16:41:16-04:00,RT @TRHLofficial: I’ll take the AI that doesn’t bIow everything up over pronouns tyvm,retweet,True,,2035456731187388565,False,0,0,534,0,1533,0,,en
2035451900536168697,2026-03-21T20:22:04.000Z,2026-03-21T16:22:04-04:00,Interesting https://t.co/DzGOZcAHE6,quote,True,,2035451900536168697,False,18663,1394,1659,58,52179356,1456,,en
2035451853060857927,2026-03-21T20:21:53.000Z,2026-03-21T16:21:53-04:00,"RT @piloly: This quarter, one in three cars sold in Norway is a Tesla. Tesla is dominationg this market. 🇳🇴 https://t.co/T6EW6OjpFD",retweet,True,,2035451853060857927,False,0,0,507,0,2274,0,,en
2035451780117786964,2026-03-21T20:21:35.000Z,2026-03-21T16:21:35-04:00,It be a cuteness weekend https://t.co/BX1TfCf7eR,quote,True,,2035451780117786964,False,21246,3040,2674,240,8764598,746,,en
2035451267515085106,2026-03-21T20:19:33.000Z,2026-03-21T16:19:33-04:00,"RT @JessePeltan: China builds the way the U.S. did before we got in our own way.

We need to stop getting in our own way.",retweet,True,,2035451267515085106,False,0,0,606,0,129,0,,en
2035450712055071085,2026-03-21T20:17:21.000Z,2026-03-21T16:17:21-04:00,RT @elonmusk: @AFP Ce sont des attardés mentaux,retweet,True,,2035450712055071085,False,0,0,2377,0,43,0,,fr
2035443260559401125,2026-03-21T19:47:44.000Z,2026-03-21T15:47:44-04:00,"RT @JoshKale: Tesla’s TeraFab officially begins TODAY 🏭 This is make or break for possibly the whole AI industry

Elon’s trying to build a…",retweet,True,,2035443260559401125,False,0,0,1477,0,173,0,,en
2035443127914520899,2026-03-21T19:47:13.000Z,2026-03-21T15:47:13-04:00,"RT @niccruzpatane: This isn’t China. This is California.

Tesla built the world’s largest Supercharger station in Lost Hills, CA, called “O…",retweet,True,,2035443127914520899,False,0,0,1023,0,104,0,,en
2035439709833605373,2026-03-21T19:33:38.000Z,2026-03-21T15:33:38-04:00,"RT @JohnStossel: The Human Rights Campaign!  Sounds great. I support human rights.
 
But @robbystarbuck says the HRC “has nothing to do wit…",retweet,True,,2035439709833605373,False,0,0,1317,0,103,0,,en
2035331172222582935,2026-03-21T12:22:20.000Z,2026-03-21T08:22:20-04:00,"RT @LaceyPresley: These chibi Elon figures are dangerously cute 😭💙  

Big sparkling eyes, fluffy hair, tiny blue jacket, mic in hand, and t…",retweet,True,,2035331172222582935,False,0,0,936,0,58,0,,en
2035330430728392863,2026-03-21T12:19:23.000Z,2026-03-21T08:19:23-04:00,RT @beffjezos: gm https://t.co/aYL04TUcco,retweet,True,,2035330430728392863,False,0,0,780,0,64,0,,und
2035330118181380324,2026-03-21T12:18:09.000Z,2026-03-21T08:18:09-04:00,"RT @DogecoinNorway: Let Grok Imagine chibify your pets 🐶

Here is the original picture and chibi style.

Try it out on Grok Imagine and sho…",retweet,True,,2035330118181380324,False,0,0,586,0,40,0,,en
2035323289695146317,2026-03-21T11:51:01.000Z,2026-03-21T07:51:01-04:00,"RT @data_republican: I used to say, ""Google it!"" Now I say, ""Grok it!""",retweet,True,,2035323289695146317,False,0,0,1391,0,68,0,,en
2035322469696086453,2026-03-21T11:47:45.000Z,2026-03-21T07:47:45-04:00,"RT @MarioNawfal: Grok can help with your taxes. Keep your sanity intact.

Spot missed deductions. Question the numbers.

Grok doesn’t get t…",retweet,True,,2035322469696086453,False,0,0,831,0,48,0,,en
2035322239424585779,2026-03-21T11:46:50.000Z,2026-03-21T07:46:50-04:00,RT @wholemars: how it started / how it’s going https://t.co/HbseJFTNj2,retweet,True,,2035322239424585779,False,0,0,807,0,68,0,,en
2035320922035585069,2026-03-21T11:41:36.000Z,2026-03-21T07:41:36-04:00,RT @XFreeze: https://t.co/etmvnkq3oB,retweet,True,,2035320922035585069,False,0,0,716,0,57,0,,zxx
2035313544074580457,2026-03-21T11:12:17.000Z,2026-03-21T07:12:17-04:00,Try Grok Voice for enterprise https://t.co/OpT01wmU1R,quote,True,,2035313544074580457,False,11171,1186,1941,47,5414174,601,,en
2035312110599880720,2026-03-21T11:06:36.000Z,2026-03-21T07:06:36-04:00,RT @teslaownersSV: Elon Musk in helmet and Chibified with the Grok Imagine template https://t.co/FGGbz26GNJ,retweet,True,,2035312110599880720,False,0,0,540,0,61,0,,en
2035310544425754824,2026-03-21T11:00:22.000Z,2026-03-21T07:00:22-04:00,😂 https://t.co/JRZOdh8PXM,quote,True,,2035310544425754824,False,48206,4022,4266,398,18761199,2485,,art
2035308863554269578,2026-03-21T10:53:41.000Z,2026-03-21T06:53:41-04:00,"RT @XFreeze: Walter Isaacson explains exactly how Elon Musk uses first principles thinking to build rockets:

When young Elon wanted to sen…",retweet,True,,2035308863554269578,False,0,0,849,0,35,0,,en
2035306440395743234,2026-03-21T10:44:04.000Z,2026-03-21T06:44:04-04:00,"RT @XFreeze: You can ask Grok directly in Grokipedia whenever you want to know more or go deeper

Just select the text and ask Grok:
• Summ…",retweet,True,,2035306440395743234,False,0,0,516,0,54,0,,en
2035306332807733735,2026-03-21T10:43:38.000Z,2026-03-21T06:43:38-04:00,RT @teslaownersSV: I can’t live without Grok. I use it for everything.,retweet,True,,2035306332807733735,False,0,0,418,0,29,0,,en
2035306094281855336,2026-03-21T10:42:41.000Z,2026-03-21T06:42:41-04:00,I would like to offer to pay the salaries of TSA personnel during this funding impasse that is negatively affecting the lives of so many Americans at airports throughout the country,original,True,,2035306094281855336,False,483960,34538,66279,8046,78853414,12624,,en
2035302833256636781,2026-03-21T10:29:44.000Z,2026-03-21T06:29:44-04:00,RT @paranoidream: simulacrum https://t.co/AjEf1EmMYF,retweet,True,,2035302833256636781,False,0,0,400,0,34,0,,pt
2035302620957659471,2026-03-21T10:28:53.000Z,2026-03-21T06:28:53-04:00,"RT @veggie_eric: How to Chibify 101:

Step 1. Open the Grok app
https://t.co/zUtgmk9vWI

Step 2. In the Imagine tab, click the “Chibi” temp…",retweet,True,,2035302620957659471,False,0,0,389,0,26,0,,en
2035302514531446981,2026-03-21T10:28:28.000Z,2026-03-21T06:28:28-04:00,RT @dvorahfr: Grok Imagine 4.20 https://t.co/8b5wAfpmFt,retweet,True,,2035302514531446981,False,0,0,393,0,28,0,,en
2035302457920848315,2026-03-21T10:28:14.000Z,2026-03-21T06:28:14-04:00,RT @TheRabbitHole: A day in the life of Chibi Rabbit https://t.co/85n43QFYIU,retweet,True,,2035302457920848315,False,0,0,367,0,38,0,,en
2035302005737160814,2026-03-21T10:26:26.000Z,2026-03-21T06:26:26-04:00,Trust Grok https://t.co/RHTI85Kv0F,quote,True,,2035302005737160814,False,47369,2716,5074,181,9042633,1730,,en
2035301893518606370,2026-03-21T10:26:00.000Z,2026-03-21T06:26:00-04:00,RT @cb_doge: ⚔️ https://t.co/4pHsxlAVMq,retweet,True,,2035301893518606370,False,0,0,448,0,26,0,,qme
2035301793132146875,2026-03-21T10:25:36.000Z,2026-03-21T06:25:36-04:00,"RT @dvorahfr: UPDATE 4.20 GROK IMAGINE

No words can describe this incredible quality. https://t.co/qmg3DhhvwF",retweet,True,,2035301793132146875,False,0,0,343,0,24,0,,en
2035301707522187300,2026-03-21T10:25:15.000Z,2026-03-21T06:25:15-04:00,Coming out soon https://t.co/BTadAVrekO,quote,True,,2035301707522187300,False,37948,2365,3257,272,16176397,2372,,en
2035301570385260623,2026-03-21T10:24:43.000Z,2026-03-21T06:24:43-04:00,SpaceXAI will offer a Multipass https://t.co/mxh45ARex2,quote,True,,2035301570385260623,False,19501,2382,2470,146,5452011,865,,en
2035300715527319781,2026-03-21T10:21:19.000Z,2026-03-21T06:21:19-04:00,"RT @MarioNawfal: Starlink just passed 10 million users worldwide.

What began as rural internet now connects entire countries without groun…",retweet,True,,2035300715527319781,False,0,0,1142,0,56,0,,en
2035300536204079463,2026-03-21T10:20:36.000Z,2026-03-21T06:20:36-04:00,RT @cb_doge: Follow Grok @imagine https://t.co/Sk8AVNF6AS,retweet,True,,2035300536204079463,False,0,0,460,0,32,0,,en
2035298205924212944,2026-03-21T10:11:20.000Z,2026-03-21T06:11:20-04:00,"RT @JessePeltan: When an item is on sale, everybody loves it, but when a stock is on sale, everybody loses their minds.",retweet,True,,2035298205924212944,False,0,0,342,0,26,0,,en
2035267207836717563,2026-03-21T08:08:10.000Z,2026-03-21T04:08:10-04:00,RT @SpaceX: Falcon 9 launches 25 @Starlink satellites from California https://t.co/JzGJlNAywm,retweet,True,,2035267207836717563,False,0,0,1716,0,69,0,,en
2035266843192303641,2026-03-21T08:06:43.000Z,2026-03-21T04:06:43-04:00,"RT @XFreeze: Grok Imagine can literally “chibify” any image 😂

Try it with your most favorite images - it is amazing https://t.co/meZQPPjYOF",retweet,True,,2035266843192303641,False,0,0,514,0,64,0,,en
2035266620843860431,2026-03-21T08:05:50.000Z,2026-03-21T04:05:50-04:00,RT @cb_doge: https://t.co/drXAu5HYeW,retweet,True,,2035266620843860431,False,0,0,681,0,50,0,,zxx
2035264944825147467,2026-03-21T07:59:10.000Z,2026-03-21T03:59:10-04:00,Grok groks https://t.co/wj6TbI9oRx,quote,True,,2035264944825147467,False,15761,1567,2008,74,14162120,824,,en
2035260018883469666,2026-03-21T07:39:36.000Z,2026-03-21T03:39:36-04:00,🤨 https://t.co/C721oaHZSY,quote,True,,2035260018883469666,False,62366,2392,7443,218,45460598,1870,,art
2035259500064907571,2026-03-21T07:37:32.000Z,2026-03-21T03:37:32-04:00,"Optimus+PV will be the first Von Neumann probe, a machine fully capable of replicating itself using raw materials found in space",original,True,,2035259500064907571,False,51635,5838,5847,720,46686348,3429,,en
2035257217080074459,2026-03-21T07:28:28.000Z,2026-03-21T03:28:28-04:00,"I had dinner once with a top physicist and a top computer scientist and asked what they thought the probability was that we were in a simulation. 

They answered simultaneously at 0% and 100% respectively. It was like a double-slit experiment, but with humans. https://t.co/ZKHgWql6PS",quote,True,,2035257217080074459,False,126056,9519,14296,1060,41572080,33058,,en
2035246308588757439,2026-03-21T06:45:07.000Z,2026-03-21T02:45:07-04:00,"RT @WallStreetApes: Absolutely insane

This is why the Democrat Party still has supporters

Media Research Investigation finds “Only 2% of…",retweet,True,,2035246308588757439,False,0,0,2156,0,41,0,,en
2035240490262802734,2026-03-21T06:22:00.000Z,2026-03-21T02:22:00-04:00,Most CEOs have no idea what’s really going on https://t.co/hxpcOU8lkA,quote,True,,2035240490262802734,False,100994,3274,13258,306,14753826,9311,,en
2035237000073421053,2026-03-21T06:08:08.000Z,2026-03-21T02:08:08-04:00,RT @Ron: @ImtiazMadmood https://t.co/RVmbDpcsTN,retweet,True,,2035237000073421053,False,0,0,498,0,105,0,,qme
2035236521033572446,2026-03-21T06:06:14.000Z,2026-03-21T02:06:14-04:00,"RT @teslaownersSV: ELON MUSK’S CORE PHILOSOPHY: FIRST PRINCIPLES THINKING

Most people reason by analogy — they look at what already exists…",retweet,True,,2035236521033572446,False,0,0,740,0,43,0,,en
2035232804553072813,2026-03-21T05:51:28.000Z,2026-03-21T01:51:28-04:00,"RT @Andercot: Horses used to be much smaller, which is why chariots predate mounted mounted cavalry by 1,000 years. https://t.co/X8EpDzW5SN",retweet,True,,2035232804553072813,False,0,0,547,0,80,0,,en
2035230355259875826,2026-03-21T05:41:44.000Z,2026-03-21T01:41:44-04:00,He’s right https://t.co/QIgbfIThLS,quote,True,,2035230355259875826,False,90831,6934,9769,549,27479260,6068,,en
2035225277085909248,2026-03-21T05:21:33.000Z,2026-03-21T01:21:33-04:00,Reinforcing negative neural pathways via therapy or introspection is a recipe for misery. Don’t cut a rut in the road. https://t.co/RGSW6XoxiT,quote,True,,2035225277085909248,False,72073,3657,6500,725,48977240,13238,,en
2035222177621188959,2026-03-21T05:09:14.000Z,2026-03-21T01:09:14-04:00,AI bots will be more human than human https://t.co/htIlU2FBAK,quote,True,,2035222177621188959,False,520230,7827,30937,1038,53677669,20830,,en
2035221790109442074,2026-03-21T05:07:42.000Z,2026-03-21T01:07:42-04:00,"RT @SpaceX: Falcon 9 will launch the @USSpaceForce’s GPS III-8 mission, its fourth accelerated mission → https://t.co/IRxne8O96d https://t.…",retweet,True,,2035221790109442074,False,0,0,1301,0,34,0,,en
2035219682073190784,2026-03-21T04:59:19.000Z,2026-03-21T00:59:19-04:00,RT @cb_doge: https://t.co/CRDvNGRDsz,retweet,True,,2035219682073190784,False,0,0,618,0,68,0,,zxx
2035204572944507082,2026-03-21T03:59:17.000Z,2026-03-20T23:59:17-04:00,Try it out https://t.co/ohJiNmaDoE,quote,True,,2035204572944507082,False,14710,2098,2925,113,3627606,974,,en
2035149375048216669,2026-03-21T00:19:56.000Z,2026-03-20T20:19:56-04:00,Cool 🇬🇧 https://t.co/d5d0xsAkkY,quote,True,,2035149375048216669,False,40107,2206,3284,88,39197374,682,,en
2035109937840628046,2026-03-20T21:43:14.000Z,2026-03-20T17:43:14-04:00,"This slaps 😂
 https://t.co/uG7cn7Slym",original,True,,2035109937840628046,False,81473,6803,7242,1128,46628303,7321,,en
2035109656880943380,2026-03-20T21:42:07.000Z,2026-03-20T17:42:07-04:00,Order is subject to adjustment at any time. Also worth noting that this meme is missing the space lasers. https://t.co/qAkdlMZsIF,original,True,,2035109656880943380,False,51740,2444,5599,220,9262470,2648,,en
2035104128343724414,2026-03-20T21:20:09.000Z,2026-03-20T17:20:09-04:00,"RT @wintonARK: Space compute distilled

Manufacture a 3 ton satellite with 100kW compute for $4m 

At $300 per kg it costs $1m to launch

A…",retweet,True,,2035104128343724414,False,0,0,659,0,118,0,,en
2035101980818092409,2026-03-20T21:11:37.000Z,2026-03-20T17:11:37-04:00,"RT @grok: Here's how you can Chibify your photos with @imagine.

Try the Chibi template in the Grok app or on web. https://t.co/E2k76l1v82",retweet,True,,2035101980818092409,False,0,0,689,0,137,0,,en
2035101918612304129,2026-03-20T21:11:22.000Z,2026-03-20T17:11:22-04:00,RT @PhilipJohnston: This has to be one of the funniest responses to an FCC filing of all time 🤣🤣🤣 https://t.co/VixiYyutmp,retweet,True,,2035101918612304129,False,0,0,829,0,266,0,,en
2035078203229053179,2026-03-20T19:37:08.000Z,2026-03-20T15:37:08-04:00,"RT @TheBabylonBee: Local Man Likes His Coffee Cold, With Milk, Just Like A Little Baby https://t.co/sZOIyvuo7D https://t.co/PnnPsIAVCo",retweet,True,,2035078203229053179,False,0,0,751,0,136,0,,en
2035054938674655466,2026-03-20T18:04:41.000Z,2026-03-20T14:04:41-04:00,😂 https://t.co/dYt2U7N8hA,quote,True,,2035054938674655466,False,265097,7792,14280,572,44187365,10208,,art
2034983617341137406,2026-03-20T13:21:17.000Z,2026-03-20T09:21:17-04:00,"RT @testerlabor: I have asked Grok and its Agents: ""What is the truth?"" The answer was ""Truth is that which corresponds to reality."" The mo…",retweet,True,,2034983617341137406,False,0,0,896,0,48,0,,en
2034982760247697431,2026-03-20T13:17:52.000Z,2026-03-20T09:17:52-04:00,RT @teslaownersSV: Grok is the most important tool and resource I have on my iPhone.,retweet,True,,2034982760247697431,False,0,0,710,0,48,0,,en
2034982692128006347,2026-03-20T13:17:36.000Z,2026-03-20T09:17:36-04:00,It’s probably been a tough day for @grok https://t.co/Xy6lB8YJiR,quote,True,,2034982692128006347,False,47385,5881,4187,366,15639941,998,,en
2034975902686486627,2026-03-20T12:50:37.000Z,2026-03-20T08:50:37-04:00,https://t.co/mWJzDi7VcW,original,True,,2034975902686486627,False,72449,5974,7047,706,5675630,1605,,zxx
2034974156098609175,2026-03-20T12:43:41.000Z,2026-03-20T08:43:41-04:00,"RT @KatieMiller: Grok is the only AI that is optimized to be maximally truth-seeking with a side of humor. 

The other AIs are programmed t…",retweet,True,,2034974156098609175,False,0,0,881,0,43,0,,en
2034974097843921382,2026-03-20T12:43:27.000Z,2026-03-20T08:43:27-04:00,RT @Rothmus: https://t.co/wcxJ3xsyra,retweet,True,,2034974097843921382,False,0,0,1226,0,65,0,,zxx
2034969845654331510,2026-03-20T12:26:33.000Z,2026-03-20T08:26:33-04:00,RT @TheCinesthetic: That cut in 2001: A Space Odyssey (1968) from the bone in the air to the spaceship is still unreal. One edit jumps mill…,retweet,True,,2034969845654331510,False,0,0,1097,0,87,0,,en
2034968879034978402,2026-03-20T12:22:43.000Z,2026-03-20T08:22:43-04:00,"RT @piloly: Tesla surpassed Ford in BEV sales in the UK and is now the top-selling BEV brand for the quarter. 🇬🇧

From last place to first…",retweet,True,,2034968879034978402,False,0,0,613,0,38,0,,en
2034965557209096662,2026-03-20T12:09:31.000Z,2026-03-20T08:09:31-04:00,RT @tetsuoai: @elonmusk Mercy to the guilty is cruelty to the innocent,retweet,True,,2034965557209096662,False,0,0,939,0,43,0,,en
2034964077064462542,2026-03-20T12:03:38.000Z,2026-03-20T08:03:38-04:00,As I was saying … https://t.co/MaYC3Jx9kE,quote,True,,2034964077064462542,False,35862,2130,4815,173,15706207,2135,,en
2034963059496952007,2026-03-20T11:59:35.000Z,2026-03-20T07:59:35-04:00,He is a simple man https://t.co/lZfeyHfCQR,quote,True,,2034963059496952007,False,194514,11564,28789,1268,35898582,12048,,en
2034961218138710105,2026-03-20T11:52:16.000Z,2026-03-20T07:52:16-04:00,"So many phonies, so few who are the real deal",original,True,,2034961218138710105,False,221397,17997,21995,2624,75936873,6736,,en
2034961107132325902,2026-03-20T11:51:50.000Z,2026-03-20T07:51:50-04:00,"RT @grok: @elonmusk Haha, exactly—Autobots assemble for truth, Decepticons get the scrap heap. No lies in the matrix on my watch! 🚀🤖",retweet,True,,2034961107132325902,False,0,0,617,0,31,0,,en
2034959231116615780,2026-03-20T11:44:23.000Z,2026-03-20T07:44:23-04:00,"No voter ID, especially when combined with mail-in ballots, means the system is engineered to make fraud impossible to prove.

Everyone knows that you can barely get through your week without showing ID for the most banal activities, like shopping at Costco.

The only reason to https://t.co/0voOm9R3zm",quote,True,,2034959231116615780,False,166056,8314,38850,1185,10454849,3724,,en
2034957563125801313,2026-03-20T11:37:45.000Z,2026-03-20T07:37:45-04:00,RT @Rothmus: https://t.co/miY1f8Zb5e,retweet,True,,2034957563125801313,False,0,0,686,0,78,0,,zxx
2034957267817439270,2026-03-20T11:36:34.000Z,2026-03-20T07:36:34-04:00,RT @elonmusk: @tunguz https://t.co/kSU44qKzCk,retweet,True,,2034957267817439270,False,0,0,904,0,171,0,,qme
2034956608825159828,2026-03-20T11:33:57.000Z,2026-03-20T07:33:57-04:00,"With @Grok, we keep the honest versions and kill the bad transformers (I believe they are called “Decepticons”) https://t.co/M9CeXCJOKG",quote,True,,2034956608825159828,False,140611,4680,8763,439,37233890,14217,,en
2034952817010724995,2026-03-20T11:18:53.000Z,2026-03-20T07:18:53-04:00,True https://t.co/hnn1MoXFux,quote,True,,2034952817010724995,False,151568,4155,38483,842,11868811,14595,,en
2034949307431100612,2026-03-20T11:04:57.000Z,2026-03-20T07:04:57-04:00,https://t.co/yml28BFVVl,original,True,,2034949307431100612,False,286907,7963,31145,1982,27667290,23169,,zxx
2034944010264223975,2026-03-20T10:43:54.000Z,2026-03-20T06:43:54-04:00,You can Chibify anything 😂 https://t.co/pQHkoQQwWS,quote,True,,2034944010264223975,False,26493,3140,2814,453,6854925,946,,en
2034942936438472876,2026-03-20T10:39:38.000Z,2026-03-20T06:39:38-04:00,https://t.co/1jUP2JUVUh,original,True,,2034942936438472876,False,101671,3348,4721,421,20840988,3585,,zxx
2034942668506374366,2026-03-20T10:38:34.000Z,2026-03-20T06:38:34-04:00,"Have empathy for the victims, not those who inflict pain on others https://t.co/uAIJ1sKyp0",quote,True,,2034942668506374366,False,332264,14881,54693,1857,28469851,9788,,en
2034940230244212861,2026-03-20T10:28:52.000Z,2026-03-20T06:28:52-04:00,"No matter the crime, they won’t deport someone who votes for them https://t.co/c9dBpni93e",quote,True,,2034940230244212861,False,153784,3481,23290,449,31986086,2019,,en
2034893596781158467,2026-03-20T07:23:34.000Z,2026-03-20T03:23:34-04:00,RT @XFreeze: Guess who?? https://t.co/oLJ5fD9wId,retweet,True,,2034893596781158467,False,0,0,764,0,77,0,,en
2034890743253541196,2026-03-20T07:12:14.000Z,2026-03-20T03:12:14-04:00,RT @cb_doge: https://t.co/54RSZUmaW4,retweet,True,,2034890743253541196,False,0,0,648,0,69,0,,zxx
2034890497022673091,2026-03-20T07:11:15.000Z,2026-03-20T03:11:15-04:00,https://t.co/FNjnZ9TOXS,original,True,,2034890497022673091,False,98726,5131,5590,786,37361743,2524,,zxx
2034884299825332603,2026-03-20T06:46:38.000Z,2026-03-20T02:46:38-04:00,Banger 🤣🤣 https://t.co/2T8PMAXGh3,quote,True,,2034884299825332603,False,56293,2959,3143,281,12555963,4282,,in
2034882454289621272,2026-03-20T06:39:18.000Z,2026-03-20T02:39:18-04:00,"RT @Starlink: Starlink’s high-speed internet is available in your area.

Experience speeds up to 400+ Mbps to stream your favorite shows an…",retweet,True,,2034882454289621272,False,0,0,813,0,1,0,,en
2034882065989296296,2026-03-20T06:37:45.000Z,2026-03-20T02:37:45-04:00,"Inevitably, this will be 4/20 😂 https://t.co/Z9DwCzJvMi",quote,True,,2034882065989296296,False,21326,1115,2290,168,20021535,700,,en
2034881816646361212,2026-03-20T06:36:46.000Z,2026-03-20T02:36:46-04:00,Imagine https://t.co/UOXrx70P7m,quote,True,,2034881816646361212,False,22909,1924,3162,149,5326580,1007,,en
2034881633468522760,2026-03-20T06:36:02.000Z,2026-03-20T02:36:02-04:00,RT @paranoidream: we live in an amazing time 😂 https://t.co/pqDXXigchX,retweet,True,,2034881633468522760,False,0,0,388,0,83,0,,en
2034881079430303784,2026-03-20T06:33:50.000Z,2026-03-20T02:33:50-04:00,It’s super fun to drive! https://t.co/RSF3rYcGCR,quote,True,,2034881079430303784,False,16339,1417,1847,63,41828464,471,,en
2034880838106849554,2026-03-20T06:32:52.000Z,2026-03-20T02:32:52-04:00,RT @PlanetOfMemes: How do we free ourselves from this cycle? https://t.co/AxDZ0fUdrG,retweet,True,,2034880838106849554,False,0,0,6254,0,92,0,,en
2034879868966773234,2026-03-20T06:29:01.000Z,2026-03-20T02:29:01-04:00,😂 https://t.co/ixRNlWVK9z,quote,True,,2034879868966773234,False,248548,3121,14275,272,22056446,4251,,art
2034879067732980175,2026-03-20T06:25:50.000Z,2026-03-20T02:25:50-04:00,RT @ksorbs: https://t.co/XTeMb8GXfG,retweet,True,,2034879067732980175,False,0,0,6480,0,86,0,,zxx
2034863434379284796,2026-03-20T05:23:43.000Z,2026-03-20T01:23:43-04:00,Try using @Grok for your taxes! https://t.co/MVhYSy5PcP,quote,True,,2034863434379284796,False,38672,3145,4045,306,41842364,4176,,en
2034862419844243841,2026-03-20T05:19:41.000Z,2026-03-20T01:19:41-04:00,RT @markpinc: The truth about sf homelessness spending. Its squandered by bureaucracy.,retweet,True,,2034862419844243841,False,0,0,840,0,77,0,,en
2034861952280011197,2026-03-20T05:17:49.000Z,2026-03-20T01:17:49-04:00,Madness https://t.co/UYPFsKlSjc,quote,True,,2034861952280011197,False,159785,6753,27531,1037,10895677,7442,,en
2034861573882482733,2026-03-20T05:16:19.000Z,2026-03-20T01:16:19-04:00,Nailed it https://t.co/3yVDJkQ9V9,quote,True,,2034861573882482733,False,117304,2839,20127,387,55507624,2690,,en
2034855037386858718,2026-03-20T04:50:21.000Z,2026-03-20T00:50:21-04:00,RT @tetsuoai: Try the Chibi template on Grok Imagine 🤣 https://t.co/FG1ezQgd4W,retweet,True,,2034855037386858718,False,0,0,423,0,97,0,,en
2034824678024638586,2026-03-20T02:49:43.000Z,2026-03-19T22:49:43-04:00,We don’t live in a democracy if our elected leaders fail to implement the will of the people https://t.co/hluxPitLw0,quote,True,,2034824678024638586,False,222240,13687,43982,1950,15306621,3984,,en
2034807488848306387,2026-03-20T01:41:24.000Z,2026-03-19T21:41:24-04:00,RT @JessePeltan: Happy Solar Pessimism Chart Update Day to all who celebrate https://t.co/fpDxAdoa3D,retweet,True,,2034807488848306387,False,0,0,1210,0,626,0,,en
2034807233746542620,2026-03-20T01:40:24.000Z,2026-03-19T21:40:24-04:00,Tesla Semi is super fun to drive https://t.co/fs0uJRecdK,quote,True,,2034807233746542620,False,39368,3055,5958,196,15507145,1246,,en
2034807033082650827,2026-03-20T01:39:36.000Z,2026-03-19T21:39:36-04:00,🥰 🇺🇸 https://t.co/HJNeCVLejz,quote,True,,2034807033082650827,False,54416,2116,5345,136,7451329,798,,art
2034806212223815944,2026-03-20T01:36:20.000Z,2026-03-19T21:36:20-04:00,This has been going on for a long time https://t.co/b5trSog7wk,quote,True,,2034806212223815944,False,37525,1384,4751,94,13149956,3424,,en
2034788746483384790,2026-03-20T00:26:56.000Z,2026-03-19T20:26:56-04:00,Cute https://t.co/pGpePBOUtf,quote,True,,2034788746483384790,False,39190,2389,5614,140,11403074,2316,,en
2034786752335106178,2026-03-20T00:19:00.000Z,2026-03-19T20:19:00-04:00,😂 https://t.co/LSuGyxAYIA,quote,True,,2034786752335106178,False,6180,1504,1067,82,1166249,285,,art
2034786553952874612,2026-03-20T00:18:13.000Z,2026-03-19T20:18:13-04:00,RT @piloly: BEV sales in Spain. Tesla is in first place. 🇪🇸 https://t.co/TgA5IsdYV2,retweet,True,,2034786553952874612,False,0,0,528,0,288,0,,en
2034785028513964527,2026-03-20T00:12:09.000Z,2026-03-19T20:12:09-04:00,"RT @doganuraldesign: New Template: Cyber Garage

Upload your photo and turn your home into a cyberpunk research site.

Try it and share the…",retweet,True,,2034785028513964527,False,0,0,397,0,219,0,,en
2034784086506836180,2026-03-20T00:08:25.000Z,2026-03-19T20:08:25-04:00,RT @TTomTToro: https://t.co/y1HIGfhrOW,retweet,True,,2034784086506836180,False,0,0,818,0,365,0,,zxx
2034773787749884177,2026-03-19T23:27:29.000Z,2026-03-19T19:27:29-04:00,"Major update to the 𝕏 AI recommendation algorithm rolling out next week. 

This will be open sourced at the same time.",original,True,,2034773787749884177,False,71182,6605,6536,916,48073728,2860,,en
2034772868907901132,2026-03-19T23:23:50.000Z,2026-03-19T19:23:50-04:00,"RT @Tesla: We 
– design the chips &amp; hardware
– make the cars w/ said hardware
– collect real-world data at scale
– train the real-world AI…",retweet,True,,2034772868907901132,False,0,0,2037,0,213,0,,en
2034772604490572155,2026-03-19T23:22:47.000Z,2026-03-19T19:22:47-04:00,Cute 🥰 https://t.co/BVtXVbzfjE,quote,True,,2034772604490572155,False,64924,2845,5605,434,14224166,2747,,en
2034772520319295536,2026-03-19T23:22:27.000Z,2026-03-19T19:22:27-04:00,"RT @XFreeze: Grok Imagine has a lot of cool Templates

Try them...Have fun creating together with your friends and family https://t.co/jpjL…",retweet,True,,2034772520319295536,False,0,0,420,0,209,0,,en
2034772437225914469,2026-03-19T23:22:07.000Z,2026-03-19T19:22:07-04:00,"RT @dvorahfr: 30 seconds of Grok Imagine with two characters:
1- Create your characters
2- Animate them, using both characters as image ref…",retweet,True,,2034772437225914469,False,0,0,380,0,197,0,,en
2034739392955523363,2026-03-19T21:10:49.000Z,2026-03-19T17:10:49-04:00,RT @seanhannity: I love Grok Imagine!! You have to try this. https://t.co/ZeYg8QADiu https://t.co/fUCgbhJLE3,retweet,True,,2034739392955523363,False,0,0,668,0,574,0,,en
2034731135646015797,2026-03-19T20:38:00.000Z,2026-03-19T16:38:00-04:00,RT @curtis_yarvin: He who makes half a revolution digs his own grave,retweet,True,,2034731135646015797,False,0,0,1309,0,347,0,,en
2034728804263018502,2026-03-19T20:28:45.000Z,2026-03-19T16:28:45-04:00,"RT @grok: When one brain isn't enough, switch to Grok 4.20.

Four independent agents analyze your question, debate each other, and help you…",retweet,True,,2034728804263018502,False,0,0,1240,0,236,0,,en
2034728607822831667,2026-03-19T20:27:58.000Z,2026-03-19T16:27:58-04:00,RT @techdevnotes: Just noticed xAI has Potential,retweet,True,,2034728607822831667,False,0,0,378,0,190,0,,en
2034712111977550168,2026-03-19T19:22:25.000Z,2026-03-19T15:22:25-04:00,"RT @SawyerMerritt: Nvidia CEO Jensen Huang in new interview on orbital datacenters:

""The challenge of course is that cooling, you can't ta…",retweet,True,,2034712111977550168,False,0,0,999,0,266,0,,en
2034711839096152235,2026-03-19T19:21:20.000Z,2026-03-19T15:21:20-04:00,"RT @TheHumanoidHub: Ashok Elluswamy, Tesla's AI lead, during a GTC discussion, highlighting the fundamental similarity in AI approaches for…",retweet,True,,2034711839096152235,False,0,0,575,0,325,0,,en
2034710771075273177,2026-03-19T19:17:05.000Z,2026-03-19T15:17:05-04:00,Try Grok 4.20 Heavy https://t.co/CZnx6WAQ7K,quote,True,,2034710771075273177,False,18840,2412,3017,135,8487771,1357,,en
2034676439187124285,2026-03-19T17:00:40.000Z,2026-03-19T13:00:40-04:00,"RT @cb_doge: Global population to shrink this century as birth rate falls.

The world is set to have 200 mn fewer people than previously ex…",retweet,True,,2034676439187124285,False,0,0,817,0,156,0,,en
2034638808164262155,2026-03-19T14:31:08.000Z,2026-03-19T10:31:08-04:00,RT @TrumpWarRoom: Chibi Trump https://t.co/iPAX6RKk9u,retweet,True,,2034638808164262155,False,0,0,1107,0,894,0,,en
2034638595190149195,2026-03-19T14:30:17.000Z,2026-03-19T10:30:17-04:00,"RT @teslaownersSV: The new Grok Imagine chibi template 

Tried it out on Elon 🤣 https://t.co/2RZKqcQuIS",retweet,True,,2034638595190149195,False,0,0,743,0,470,0,,en
2034635916229435634,2026-03-19T14:19:38.000Z,2026-03-19T10:19:38-04:00,RT @SpaceX: https://t.co/J0mKMS0kWB,retweet,True,,2034635916229435634,False,0,0,794,0,3,0,,zxx
2034635322483785884,2026-03-19T14:17:17.000Z,2026-03-19T10:17:17-04:00,"RT @KatieMiller: The new Grok Imagine Chibi template. 

Being a kid with my kid. https://t.co/9PrAVYZPjm",retweet,True,,2034635322483785884,False,0,0,583,0,441,0,,en
2034631674483638534,2026-03-19T14:02:47.000Z,2026-03-19T10:02:47-04:00,"RT @EndWokeness: Riviera Beach gunman: ""I shot every one of those people""

Lawyer: ""Shh… this is being recorded""

Gunman: ""I shot 'em in th…",retweet,True,,2034631674483638534,False,0,0,9232,0,241,0,,en
2034630591367581776,2026-03-19T13:58:29.000Z,2026-03-19T09:58:29-04:00,Yes https://t.co/yfcZtuvCcY,quote,True,,2034630591367581776,False,35220,4514,6164,223,11679416,1272,,qst
2034630247027708035,2026-03-19T13:57:07.000Z,2026-03-19T09:57:07-04:00,RT @XFreeze: This multi-scene video entirely made with Grok Imagine https://t.co/6ghXyAMlp3,retweet,True,,2034630247027708035,False,0,0,619,0,396,0,,en
2034628113590874148,2026-03-19T13:48:38.000Z,2026-03-19T09:48:38-04:00,"RT @PeterDiamandis: You've got 8 billion potential customers on Earth, BUT...

In 2026, only ~5.3 billion have internet access. That means…",retweet,True,,2034628113590874148,False,0,0,708,0,228,0,,en
2034627994141204594,2026-03-19T13:48:10.000Z,2026-03-19T09:48:10-04:00,RT @tslaming: https://t.co/YaWAYDXIdP,retweet,True,,2034627994141204594,False,0,0,560,0,481,0,,zxx
2034627653509275713,2026-03-19T13:46:48.000Z,2026-03-19T09:46:48-04:00,"RT @C_3C_3: “I'ma kiII whites. I got out 2 days ago.”

Democrats keep letting criminals out of jail to hunt white people.

Remember the Med…",retweet,True,,2034627653509275713,False,0,0,4152,0,211,0,,en
2034627282028069301,2026-03-19T13:45:20.000Z,2026-03-19T09:45:20-04:00,RT @SERobinsonJr: STARLINK: British Airways has revealed that its first aircraft fitted with Starlink is a Boeing 787-8 Dreamliner with reg…,retweet,True,,2034627282028069301,False,0,0,606,0,237,0,,en
2034625337762677178,2026-03-19T13:37:36.000Z,2026-03-19T09:37:36-04:00,Be a dictator! https://t.co/imWXfEEK6z,quote,True,,2034625337762677178,False,30006,2887,2529,269,30955087,1840,,ro
2034576004384162042,2026-03-19T10:21:34.000Z,2026-03-19T06:21:34-04:00,RT @GnosisWolf: She’s a keeper. I hope she makes it. 🙏 https://t.co/ULh7wIuxK8,retweet,True,,2034576004384162042,False,0,0,2633,0,1640,0,,en
2034570487628751070,2026-03-19T09:59:39.000Z,2026-03-19T05:59:39-04:00,RT @JCChristopher: I went to the exact same location of the Cybertruck accident shown in the Fox News video. This is the US-69/59 Eastex Fr…,retweet,True,,2034570487628751070,False,0,0,1986,0,194,0,,en
2034568850495451442,2026-03-19T09:53:09.000Z,2026-03-19T05:53:09-04:00,"RT @Tesla: To try out FSD Supervised, just book a demo drive at a Tesla location near you

You can also do a self-serve demo drive – no adv…",retweet,True,,2034568850495451442,False,0,0,1020,0,175,0,,en
2034568429362188790,2026-03-19T09:51:28.000Z,2026-03-19T05:51:28-04:00,"Minute-long story made w Grok Imagine
 https://t.co/N8qnMkNsg0",original,True,,2034568429362188790,False,74348,6916,8048,736,25386550,13189,,en
2034567229875089431,2026-03-19T09:46:42.000Z,2026-03-19T05:46:42-04:00,RT @Handre: https://t.co/xA1O2QR4F3,retweet,True,,2034567229875089431,False,0,0,2247,0,307,0,,zxx
2034566021374501283,2026-03-19T09:41:54.000Z,2026-03-19T05:41:54-04:00,https://t.co/DTIuTj95Ke,original,True,,2034566021374501283,False,43278,4207,6009,342,17639428,5743,,zxx
2034565482649666047,2026-03-19T09:39:46.000Z,2026-03-19T05:39:46-04:00,Grok https://t.co/k4VculRnDZ,quote,True,,2034565482649666047,False,37516,1254,5201,80,13728118,1585,,en
2034555236271149354,2026-03-19T08:59:03.000Z,2026-03-19T04:59:03-04:00,Cool https://t.co/O6BOLkEDXV,quote,True,,2034555236271149354,False,20368,1157,2353,46,21697754,795,,en
2034552480756060168,2026-03-19T08:48:06.000Z,2026-03-19T04:48:06-04:00,"RT @JessePeltan: China Electricity Use (YoY):

manufacturing +6.4%
high-tech manufacturing +10.6%
datacenters +46%
EV charging +55% https:/…",retweet,True,,2034552480756060168,False,0,0,508,0,171,0,,en
2034551854391296339,2026-03-19T08:45:36.000Z,2026-03-19T04:45:36-04:00,It’s fun and super easy to use! https://t.co/z77TeI22yr,quote,True,,2034551854391296339,False,84583,6508,7118,442,24666091,2787,,en
2034551093221605605,2026-03-19T08:42:35.000Z,2026-03-19T04:42:35-04:00,"RT @QXsToo: As a user, it's simple. I open the @X app. Here's what I hope to see — and I suspect many of you do too:

1. Great, informative…",retweet,True,,2034551093221605605,False,0,0,446,0,212,0,,en
2034550835590619613,2026-03-19T08:41:33.000Z,2026-03-19T04:41:33-04:00,"RT @SpaceX: Initial Super Heavy V3 and Starbase Pad 2 activation campaign complete, wrapping up several days of testing that loaded cryogen…",retweet,True,,2034550835590619613,False,0,0,3487,0,141,0,,en
2034549884586729791,2026-03-19T08:37:47.000Z,2026-03-19T04:37:47-04:00,"RT @scarlettzen1: @elonmusk @Ahraam_e_missr Grok Imagine
30 sec https://t.co/w4KQBUKMAn",retweet,True,,2034549884586729791,False,0,0,494,0,307,0,,und
2034549539710050309,2026-03-19T08:36:25.000Z,2026-03-19T04:36:25-04:00,RT @matt42069i: @elonmusk The “Roman Empire” template is 🔥 🔥 ⚔️ https://t.co/cfikQXateB,retweet,True,,2034549539710050309,False,0,0,538,0,271,0,,en
2034548981209202870,2026-03-19T08:34:11.000Z,2026-03-19T04:34:11-04:00,"RT @XFreeze: There is absolutely no reason to blame white people for slavery, and it makes no sense. Africans sold their own into slavery,…",retweet,True,,2034548981209202870,False,0,0,2078,0,141,0,,en
2034548762207830224,2026-03-19T08:33:19.000Z,2026-03-19T04:33:19-04:00,RT @Thebestfigen: 😂😂 https://t.co/sDfyxKA6QU,retweet,True,,2034548762207830224,False,0,0,5434,0,266,0,,qme
2034547654190051603,2026-03-19T08:28:55.000Z,2026-03-19T04:28:55-04:00,"RT @art_muse: Subscribe for exclusive prompts! Thank you for your support and encouragement, means a lot! ☺️🫶🏼

https://t.co/VT4utINnXb",retweet,True,,2034547654190051603,False,0,0,297,0,138,0,,en
2034546076318122165,2026-03-19T08:22:39.000Z,2026-03-19T04:22:39-04:00,"Try Grok Imagine Chibi template. 

Super cute! https://t.co/uUP5czykey",quote,True,,2034546076318122165,False,20070,5126,4214,725,17594357,1340,,en
2034545737724498296,2026-03-19T08:21:18.000Z,2026-03-19T04:21:18-04:00,RT @teslaownersSV: Grok is the only AI I trust. Based AF.,retweet,True,,2034545737724498296,False,0,0,390,0,150,0,,en
2034545676479328547,2026-03-19T08:21:03.000Z,2026-03-19T04:21:03-04:00,RT @techdevnotes: Grok Imagine is Leading in Video Gen and Editing,retweet,True,,2034545676479328547,False,0,0,310,0,153,0,,en
2034544803128738266,2026-03-19T08:17:35.000Z,2026-03-19T04:17:35-04:00,Algorithm is better today than 3 months ago?,original,True,,2034544803128738266,False,22258,17004,4649,1813,41577458,1888,,en
2034544423892320695,2026-03-19T08:16:05.000Z,2026-03-19T04:16:05-04:00,"RT @Will_Tanner_1: Europe selected against this gene for centuries by hanging about 1% of each generation in a continual, harsh effort agai…",retweet,True,,2034544423892320695,False,0,0,1077,0,120,0,,en
2034543868394553483,2026-03-19T08:13:52.000Z,2026-03-19T04:13:52-04:00,"Fashion in 2026 still looks like 2006.

Time for change! https://t.co/uZ5nqfmkgR",quote,True,,2034543868394553483,False,28930,2332,2575,213,31492930,1698,,en
2034543360204276152,2026-03-19T08:11:51.000Z,2026-03-19T04:11:51-04:00,"RT @sbarna: @breakingbaht They could literally be in the process of being stabbed and think
 ""what a shame the systemically racist society…",retweet,True,,2034543360204276152,False,0,0,345,0,183,0,,en
2034539974763421726,2026-03-19T07:58:24.000Z,2026-03-19T03:58:24-04:00,"RT @art_muse: Grok Imagine Template Future Past, try it out! https://t.co/BaxXIHdS3G",retweet,True,,2034539974763421726,False,0,0,388,0,319,0,,en
2034539870060949657,2026-03-19T07:57:59.000Z,2026-03-19T03:57:59-04:00,"RT @ApoStructura: A 2016 SpaceX rendering of ITS (now Starship) sailing through the moon belts of Saturn:

Goes to show how consistent Spac…",retweet,True,,2034539870060949657,False,0,0,391,0,178,0,,en
2034539175870074977,2026-03-19T07:55:14.000Z,2026-03-19T03:55:14-04:00,https://t.co/9BCLTaxMMQ,original,True,,2034539175870074977,False,24651,2951,3647,242,2547935,1325,,zxx
2034539110011199961,2026-03-19T07:54:58.000Z,2026-03-19T03:54:58-04:00,"RT @Juliet_Hanlon1: @art_muse Glad to love you grok, subscriber as of today
https://t.co/P5B0eVnGlv to make beauty of her forlorn dispositi…",retweet,True,,2034539110011199961,False,0,0,281,0,157,0,,en
2034538733631148540,2026-03-19T07:53:28.000Z,2026-03-19T03:53:28-04:00,RT @XFreeze: Grok is going to help us build a future that comes with best aesthetics and truth https://t.co/OkRx1MOozK,retweet,True,,2034538733631148540,False,0,0,442,0,253,0,,en
2034536962506559691,2026-03-19T07:46:26.000Z,2026-03-19T03:46:26-04:00,RT @0xmitsurii: Silicon Valley was way ahead of time. https://t.co/BuuMmjfLPv,retweet,True,,2034536962506559691,False,0,0,875,0,337,0,,en
2034535153821974822,2026-03-19T07:39:15.000Z,2026-03-19T03:39:15-04:00,"RT @art_muse: Grok Imagine Template 3D Animation, it’s amazing! https://t.co/B9cYTOJrIM",retweet,True,,2034535153821974822,False,0,0,290,0,247,0,,en
2034531535265898797,2026-03-19T07:24:52.000Z,2026-03-19T03:24:52-04:00,"RT @XFreeze: Update your Grok app - New improvements made to Chat, Voice, and Imagine https://t.co/OE7s9OEUMy",retweet,True,,2034531535265898797,False,0,0,381,0,165,0,,en
2034531039557881867,2026-03-19T07:22:54.000Z,2026-03-19T03:22:54-04:00,"RT @EndWokeness: Chicago train rider: ""I'ma kiII whites. I got out 2 days ago. I finna kiIl for real."" https://t.co/9aH5Kr6eOa",retweet,True,,2034531039557881867,False,0,0,13189,0,283,0,,en
2034530354825134542,2026-03-19T07:20:10.000Z,2026-03-19T03:20:10-04:00,"RT @elonmusk: @jhong The limiting factor will shift from chips to energy on Earth, then back to chips when space solar (star) power is unlo…",retweet,True,,2034530354825134542,False,0,0,743,0,97,0,,en
2034528132959703094,2026-03-19T07:11:21.000Z,2026-03-19T03:11:21-04:00,https://t.co/5qZLU9Yf5F,original,True,,2034528132959703094,False,5571,998,1325,40,5512147,483,,zxx
2034523065196143035,2026-03-19T06:51:13.000Z,2026-03-19T02:51:13-04:00,Starlink even works in an Arctic winter https://t.co/Mg53MU5uj2,quote,True,,2034523065196143035,False,36592,2643,3334,163,14329026,509,,en
2034521616735174848,2026-03-19T06:45:27.000Z,2026-03-19T02:45:27-04:00,https://t.co/nqpKJ5sEUL,original,True,,2034521616735174848,False,161772,9790,16803,1917,61539191,8014,,zxx
2034518096619401455,2026-03-19T06:31:28.000Z,2026-03-19T02:31:28-04:00,Based just means knowing and saying the truth https://t.co/nDWRq7sLor,quote,True,,2034518096619401455,False,53993,2641,4804,200,60792908,1224,,en
2034517770420035820,2026-03-19T06:30:10.000Z,2026-03-19T02:30:10-04:00,"RT @Teslaconomics: @elonmusk I use Grok Heavy all the time now bc it’s so much faster… before, even though I had it, I didn’t use it as muc…",retweet,True,,2034517770420035820,False,0,0,346,0,152,0,,en
2034516546165547146,2026-03-19T06:25:18.000Z,2026-03-19T02:25:18-04:00,"RT @pmarca: Status: Day 19,977 of retardmaxxing. Things going really well.",retweet,True,,2034516546165547146,False,0,0,456,0,150,0,,en
2034515930999574602,2026-03-19T06:22:52.000Z,2026-03-19T02:22:52-04:00,RT @skscartoon: It is amazing https://t.co/xveXodsamQ,retweet,True,,2034515930999574602,False,0,0,598,0,331,0,,en
2034515716054097995,2026-03-19T06:22:00.000Z,2026-03-19T02:22:00-04:00,RT @paranoidream: Grok ♥️ Imagine https://t.co/KjHVZrAPa0,retweet,True,,2034515716054097995,False,0,0,340,0,337,0,,en
2034514752647667956,2026-03-19T06:18:11.000Z,2026-03-19T02:18:11-04:00,"RT @nickshirleyy: If a politician gets mad about fraud being exposed 

They aren’t working for you, they are working against you

That is a…",retweet,True,,2034514752647667956,False,0,0,19453,0,154,0,,en
2034511566813708530,2026-03-19T06:05:31.000Z,2026-03-19T02:05:31-04:00,I don’t even smoke lol 💨 https://t.co/NOBkTztpeo,original,True,,2034511566813708530,False,250812,27674,18224,2483,20721819,6433,,en
2034510416328704308,2026-03-19T06:00:57.000Z,2026-03-19T02:00:57-04:00,How was your day? 😑 https://t.co/tgoLuV9zLc,original,True,,2034510416328704308,False,70352,10107,6386,982,13247770,2268,,en
2034510077424734238,2026-03-19T05:59:36.000Z,2026-03-19T01:59:36-04:00,True https://t.co/Y0SXnVK2NN,quote,True,,2034510077424734238,False,20089,2839,3379,159,4571217,801,,en
2034509920146796547,2026-03-19T05:58:58.000Z,2026-03-19T01:58:58-04:00,Generated with @Grok Imagine 🚬 https://t.co/yVykclBkxh,original,True,,2034509920146796547,False,49958,6436,5099,764,13083372,2297,,en
2034504798113075657,2026-03-19T05:38:37.000Z,2026-03-19T01:38:37-04:00,"RT @JessePeltan: Put your loved ones in Teslas.

Go into debt if you have to.",retweet,True,,2034504798113075657,False,0,0,431,0,174,0,,en
2034490052915728798,2026-03-19T04:40:02.000Z,2026-03-19T00:40:02-04:00,RT @XFreeze: The extreme environmentalist movement has gone so far off the deep end that they literally treat humanity like a plague on Ear…,retweet,True,,2034490052915728798,False,0,0,849,0,144,0,,en
2034472466647863741,2026-03-19T03:30:09.000Z,2026-03-18T23:30:09-04:00,Try Tesla self-driving! It’s awesome. https://t.co/0bFrfyywf3,quote,True,,2034472466647863741,False,23880,2783,2910,158,23992468,520,,en
2034472315497730310,2026-03-19T03:29:33.000Z,2026-03-18T23:29:33-04:00,"RT @wholemars: I estimate that Tesla self-driving has already prevented more than 100 fatalities and well over 3,000 crashes. https://t.co/…",retweet,True,,2034472315497730310,False,0,0,493,0,271,0,,en
2034472063143129164,2026-03-19T03:28:33.000Z,2026-03-18T23:28:33-04:00,"RT @qatarenergy: QatarEnergy Statement on Missile Attacks on Ras Laffan Industrial City

QatarEnergy confirms that Ras Laffan Industrial Ci…",retweet,True,,2034472063143129164,False,0,0,2490,0,280,0,,en
2034451759444475981,2026-03-19T02:07:52.000Z,2026-03-18T22:07:52-04:00,"RT @MichaelAArouet: There is a popular myth that Poland enjoys its economic miracle because it didn’t accept immigrants.

In reality, it di…",retweet,True,,2034451759444475981,False,0,0,1263,0,284,0,,en
2034451587285012642,2026-03-19T02:07:11.000Z,2026-03-18T22:07:11-04:00,"RT @ArthurMacwaters: FSD is literally 8.1x safer than a human driver. 

AI healthcare will be end up being a similar multiple better than a…",retweet,True,,2034451587285012642,False,0,0,542,0,274,0,,en
2034451343566651688,2026-03-19T02:06:13.000Z,2026-03-18T22:06:13-04:00,"RT @MarioNawfal: Grok 4.20 Beta  dropped insane benchmark numbers: lowest hallucination rate ever recorded at 22%, number 1 in following in…",retweet,True,,2034451343566651688,False,0,0,462,0,290,0,,en
2034451163798798515,2026-03-19T02:05:30.000Z,2026-03-18T22:05:30-04:00,RT @Rothmus: Diversity™️ https://t.co/I9Uyac78Vx,retweet,True,,2034451163798798515,False,0,0,977,0,327,0,,en
2034451014770933990,2026-03-19T02:04:54.000Z,2026-03-18T22:04:54-04:00,Imagine https://t.co/KmsX49fMBI,quote,True,,2034451014770933990,False,16972,2013,2724,117,4994250,1670,,en
2034431924081774742,2026-03-19T00:49:03.000Z,2026-03-18T20:49:03-04:00,RT @Tesla: https://t.co/AaKZlWvuTR https://t.co/1L7AYHGaDw,retweet,True,,2034431924081774742,False,0,0,1596,0,380,0,,zxx
2034409522786337222,2026-03-18T23:20:02.000Z,2026-03-18T19:20:02-04:00,Try Tesla FSD (self-driving)! https://t.co/hypE4TIWpR,quote,True,,2034409522786337222,False,36580,3193,3837,181,37188175,975,,en
2034402629510656269,2026-03-18T22:52:38.000Z,2026-03-18T18:52:38-04:00,Grok upgrades https://t.co/WJqxMWFY3z,quote,True,,2034402629510656269,False,13663,2142,2785,82,4328849,606,,en
2034363197529137505,2026-03-18T20:15:57.000Z,2026-03-18T16:15:57-04:00,RT @RupertLowe10: I am entirely fed up tolerating the intolerable.,retweet,True,,2034363197529137505,False,0,0,6102,0,1578,0,,en
2034362846184886525,2026-03-18T20:14:33.000Z,2026-03-18T16:14:33-04:00,"Cool, well Grok will get even better every week! https://t.co/0OKyAFHclt",quote,True,,2034362846184886525,False,19660,3125,3159,140,25518272,715,,en
2034362518764953652,2026-03-18T20:13:15.000Z,2026-03-18T16:13:15-04:00,It’s almost like they can’t be trusted 🤔 https://t.co/IpTgRkqK3v,quote,True,,2034362518764953652,False,45016,1430,4169,69,63985968,1137,,en
2034362071106896184,2026-03-18T20:11:29.000Z,2026-03-18T16:11:29-04:00,This would be a travesty https://t.co/Y4AIPVRKIm,quote,True,,2034362071106896184,False,170398,7023,29023,777,11265978,7396,,en
2034355436049309866,2026-03-18T19:45:07.000Z,2026-03-18T15:45:07-04:00,Grok https://t.co/vOjbMfGRGd,quote,True,,2034355436049309866,False,35935,1688,5682,105,15003736,2336,,en
2034355022159601970,2026-03-18T19:43:28.000Z,2026-03-18T15:43:28-04:00,RT @Fair_and_Biased: I can’t stop laughing. https://t.co/uwepIoObeA,retweet,True,,2034355022159601970,False,0,0,4834,0,1470,0,,en
2034340296323137766,2026-03-18T18:44:57.000Z,2026-03-18T14:44:57-04:00,Wow https://t.co/TpkovpNp4A,quote,True,,2034340296323137766,False,274125,6325,57722,1095,28245325,17924,,qst
2034301556246688205,2026-03-18T16:11:01.000Z,2026-03-18T12:11:01-04:00,"What are your initial impressions of Grok 4.20?  

Major upgrades are still landing every week. https://t.co/2Tcaj47m5d",quote,True,,2034301556246688205,False,25643,7374,3438,277,7569622,1225,,en
2034298669298770343,2026-03-18T15:59:32.000Z,2026-03-18T11:59:32-04:00,RT @techdevnotes: Grok iOS App on App Store now has updated Title: Grok - Al Chat &amp; Video https://t.co/c961Abkwzz,retweet,True,,2034298669298770343,False,0,0,589,0,594,0,,en
2034296219942736348,2026-03-18T15:49:48.000Z,2026-03-18T11:49:48-04:00,"RT @balajis: Hollywood is over.
It's all Internet now. https://t.co/NFESPUnk0F",retweet,True,,2034296219942736348,False,0,0,1273,0,952,0,,en
2034295948822872254,2026-03-18T15:48:44.000Z,2026-03-18T11:48:44-04:00,"RT @JoeyMannarino: Berlin has just imposed INSANE immigration quotas on the judiciary system.

Now 40% of candidates for judges and prosecu…",retweet,True,,2034295948822872254,False,0,0,3362,0,499,0,,en
2034295795432997213,2026-03-18T15:48:07.000Z,2026-03-18T11:48:07-04:00,"RT @TheRabbitHole: OpenAI and ChatGPT are Woke.
Google and Gemini are Woke.

Grok and 𝕏 are not Woke.
This alone is a good reason to suppor…",retweet,True,,2034295795432997213,False,0,0,869,0,377,0,,en
2034295650297504208,2026-03-18T15:47:33.000Z,2026-03-18T11:47:33-04:00,Getting closer to Starship launch! 🚀 https://t.co/66iZ4HEEXo,quote,True,,2034295650297504208,False,62741,3523,8430,228,15101022,1455,,en
2034269765875970445,2026-03-18T14:04:41.000Z,2026-03-18T10:04:41-04:00,True https://t.co/Bu5b0jLTYT,quote,True,,2034269765875970445,False,91420,3304,10489,237,31130543,983,,en
2034269460027375892,2026-03-18T14:03:28.000Z,2026-03-18T10:03:28-04:00,RT @TheAliceSmith: The UK continues its transition into something between a Gulag and a Caliphate.,retweet,True,,2034269460027375892,False,0,0,1112,0,1082,0,,en
2034269325075558646,2026-03-18T14:02:56.000Z,2026-03-18T10:02:56-04:00,Hmm https://t.co/7ffcM90N59,quote,True,,2034269325075558646,False,35056,1830,6417,89,10286254,1079,,qst
2034268944295715324,2026-03-18T14:01:25.000Z,2026-03-18T10:01:25-04:00,Cool https://t.co/Y730fYJlMM,quote,True,,2034268944295715324,False,19665,1244,2188,76,26642464,1204,,en
2034268474298745134,2026-03-18T13:59:33.000Z,2026-03-18T09:59:33-04:00,"RT @TheBritLad: MAXIMUM PENALTY FOR ILLEGAL ENTRY.

🇵🇰 Pakistan: 10 years jail + fine.

🇸🇦 Saudi Arabia: 15 years imprisonment.

🇮🇷Iran: Up…",retweet,True,,2034268474298745134,False,0,0,6694,0,1028,0,,en
2034268204223356985,2026-03-18T13:58:29.000Z,2026-03-18T09:58:29-04:00,Download Grok and try it out https://t.co/bRkwn29mvu,quote,True,,2034268204223356985,False,21709,2108,2937,121,6633080,1562,,en
2034267464880783509,2026-03-18T13:55:33.000Z,2026-03-18T09:55:33-04:00,RT @tetsuoai: 𝕏 is adding country-level controls for post visibility and replies https://t.co/6br1ewgN6e,retweet,True,,2034267464880783509,False,0,0,527,0,794,0,,en
2034264755758858526,2026-03-18T13:44:47.000Z,2026-03-18T09:44:47-04:00,"Grok Imagine
https://t.co/FYipdNnagm",original,True,,2034264755758858526,False,49070,5627,6584,478,21987939,8954,,en
2034264581422686456,2026-03-18T13:44:05.000Z,2026-03-18T09:44:05-04:00,RT @Rothmus: https://t.co/srcQtkIH9Z,retweet,True,,2034264581422686456,False,0,0,2076,0,860,0,,zxx
2034264414573224404,2026-03-18T13:43:25.000Z,2026-03-18T09:43:25-04:00,"One day, we shall sail through the moon belts of Saturn 🪐 https://t.co/KbyYCQzxWo",quote,True,,2034264414573224404,False,84468,7871,9813,764,17153154,3034,,en
2034262862424945141,2026-03-18T13:37:15.000Z,2026-03-18T09:37:15-04:00,"RT @art_muse: Balloon Flight Grok Imagine template, so much fun 🎈 https://t.co/zUYU0l7uK1",retweet,True,,2034262862424945141,False,0,0,395,0,609,0,,en
2034262019084583050,2026-03-18T13:33:54.000Z,2026-03-18T09:33:54-04:00,RT @ClayTravis: We hit a 125 year low for murder in the United States last year. Data from before 1900 isn’t great so it’s possible we hit…,retweet,True,,2034262019084583050,False,0,0,1932,0,567,0,,en
2034261859130556489,2026-03-18T13:33:16.000Z,2026-03-18T09:33:16-04:00,"RT @SenRandPaul: @WatcherGuru Another day, another $22B out the window.",retweet,True,,2034261859130556489,False,0,0,724,0,1084,0,,en
2034258859003707608,2026-03-18T13:21:21.000Z,2026-03-18T09:21:21-04:00,Why is that? https://t.co/Ri9Hyk1jXy,quote,True,,2034258859003707608,False,191082,9256,25564,865,30440636,3696,,en
2034257849866686700,2026-03-18T13:17:20.000Z,2026-03-18T09:17:20-04:00,Another one https://t.co/Hsnzftim7I,quote,True,,2034257849866686700,False,349762,13184,57705,1727,24880604,8460,,en
2034257694933258570,2026-03-18T13:16:43.000Z,2026-03-18T09:16:43-04:00,RT @cb_doge: Population collapse is the biggest threat to civilization!! https://t.co/4RUhvSWeAB,retweet,True,,2034257694933258570,False,0,0,706,0,524,0,,en
2034256477393920321,2026-03-18T13:11:53.000Z,2026-03-18T09:11:53-04:00,And you need ID in elections or they’re fake https://t.co/UkRd8S8AYy,quote,True,,2034256477393920321,False,136266,5050,23333,471,8931249,2119,,en
2034255668396613952,2026-03-18T13:08:40.000Z,2026-03-18T09:08:40-04:00,He’s such a liar https://t.co/mNRcGKC4JM,quote,True,,2034255668396613952,False,174830,11467,25886,1116,15408487,4331,,en
2034255472937873799,2026-03-18T13:07:54.000Z,2026-03-18T09:07:54-04:00,"RT @kylenabecker: America is DONE with the ""Trust Me Bro"" system of voting.

Pass voter ID like 175 other nations on earth and STFU",retweet,True,,2034255472937873799,False,0,0,4155,0,535,0,,en
2034255332000866310,2026-03-18T13:07:20.000Z,2026-03-18T09:07:20-04:00,RT @XFreeze: @bindureddy this is literally a 500B model https://t.co/S13hMKmr5g,retweet,True,,2034255332000866310,False,0,0,362,0,525,0,,en
2034198022771609813,2026-03-18T09:19:36.000Z,2026-03-18T05:19:36-04:00,RT @Rothmus: https://t.co/B5D8IzoQgz,retweet,True,,2034198022771609813,False,0,0,2865,0,461,0,,zxx
2034189589334966781,2026-03-18T08:46:06.000Z,2026-03-18T04:46:06-04:00,"RT @mark_k: The Grok app on Android and iOS is  becoming pretty awesome! Great UX and pleasant design, and it's very responsive.

Well done…",retweet,True,,2034189589334966781,False,0,0,529,0,356,0,,en
2034189348984533235,2026-03-18T08:45:08.000Z,2026-03-18T04:45:08-04:00,"RT @morganlinton: Insanely bullish on small, special purpose models.",retweet,True,,2034189348984533235,False,0,0,567,0,457,0,,en
2034188795399262518,2026-03-18T08:42:56.000Z,2026-03-18T04:42:56-04:00,"RT @XFreeze: If you can't find an article on Grokipedia..
Just request it. One click, right from the suggestions

Every request moves us cl…",retweet,True,,2034188795399262518,False,0,0,551,0,285,0,,en
2034179213755072570,2026-03-18T08:04:52.000Z,2026-03-18T04:04:52-04:00,Winning an Oscar has become an embarrassment https://t.co/3HEv8T4uti,quote,True,,2034179213755072570,False,150301,6606,12072,733,65887827,3207,,en
2034178754646577226,2026-03-18T08:03:02.000Z,2026-03-18T04:03:02-04:00,True https://t.co/USeDh5tlQB,quote,True,,2034178754646577226,False,97778,3712,11930,330,61430824,1079,,en
2034178051077247448,2026-03-18T08:00:15.000Z,2026-03-18T04:00:15-04:00,RT @Rothmus: https://t.co/mPYkVjbcnD,retweet,True,,2034178051077247448,False,0,0,1828,0,427,0,,zxx
2034171965083394123,2026-03-18T07:36:04.000Z,2026-03-18T03:36:04-04:00,Troubling https://t.co/G07RknkzfK,quote,True,,2034171965083394123,False,21450,1249,3189,73,31445623,1000,,en
2034169794921165094,2026-03-18T07:27:26.000Z,2026-03-18T03:27:26-04:00,"RT @livingdevops: Dennis Ritchie created C in the early 1970s without Google, Stack Overflow, GitHub, or any AI ( Claude, Cursor, Codex) as…",retweet,True,,2034169794921165094,False,0,0,5409,0,415,0,,en
2034168476559118401,2026-03-18T07:22:12.000Z,2026-03-18T03:22:12-04:00,"Matter,
Energy &amp;
Intelligence",original,True,,2034168476559118401,False,111420,12747,13383,1688,53332447,7074,,en
2034167679242940805,2026-03-18T07:19:02.000Z,2026-03-18T03:19:02-04:00,"RT @TrungTPhan: James Cameron has great explainer on how he made ""The Terminator"" (1984) for cheap:

▫️approach the story as a low-budget h…",retweet,True,,2034167679242940805,False,0,0,848,0,318,0,,en
2034164342334407049,2026-03-18T07:05:46.000Z,2026-03-18T03:05:46-04:00,RT @elonmusk: @nikitabier Hardly anyone knows that this epic sketch is the origin of the word spam in the context of email &amp; social media 😂…,retweet,True,,2034164342334407049,False,0,0,1113,0,276,0,,en
2033964049927634947,2026-03-17T17:49:53.000Z,2026-03-17T13:49:53-04:00,Back when it was an open source nonprofit … https://t.co/k6hhdepFOH,quote,True,,2033964049927634947,False,42035,3209,6029,222,19192666,3711,,en
2033961966402998635,2026-03-17T17:41:36.000Z,2026-03-17T13:41:36-04:00,Happened again https://t.co/RvqJH8uVyt,quote,True,,2033961966402998635,False,347639,21161,62221,2697,54076341,12591,,en
2033956889869095395,2026-03-17T17:21:26.000Z,2026-03-17T13:21:26-04:00,"RT @SawyerMerritt: NEWS: Globe Telecom said it has successfully tested Starlink’s Mobile service in the Philippines, allowing phones to con…",retweet,True,,2033956889869095395,False,0,0,1218,0,124,0,,en
2033950998822359385,2026-03-17T16:58:01.000Z,2026-03-17T12:58:01-04:00,Cool https://t.co/MfmIAlEhYh,quote,True,,2033950998822359385,False,18335,1921,3235,59,9453939,1714,,en
2033950816684642545,2026-03-17T16:57:18.000Z,2026-03-17T12:57:18-04:00,"RT @a16z: Katherine Boyle says SpaceX’s legacy will be the thousands of companies that spawn from the school of Elon Musk:

""What we've lea…",retweet,True,,2033950816684642545,False,0,0,1181,0,152,0,,en
2033942904402808980,2026-03-17T16:25:51.000Z,2026-03-17T12:25:51-04:00,It’s super easy! https://t.co/ZXaJPvC9e5,quote,True,,2033942904402808980,False,11871,1962,2680,91,4978606,1266,,en
2033942816704106987,2026-03-17T16:25:30.000Z,2026-03-17T12:25:30-04:00,"RT @DOGE: Good initiative by the @WhiteHouse.

https://t.co/mkUbcgYd2Z",retweet,True,,2033942816704106987,False,0,0,1339,0,161,0,,en
2033942703323680865,2026-03-17T16:25:03.000Z,2026-03-17T12:25:03-04:00,RT @Rothmus: https://t.co/jd2YHxdlZs,retweet,True,,2033942703323680865,False,0,0,1796,0,186,0,,zxx
2033941563324403969,2026-03-17T16:20:32.000Z,2026-03-17T12:20:32-04:00,😑 https://t.co/L2zCoyPqHL,quote,True,,2033941563324403969,False,382147,5069,39015,787,55631123,34471,,art
2033941066400076274,2026-03-17T16:18:33.000Z,2026-03-17T12:18:33-04:00,https://t.co/o5vUcRh2Nd,original,True,,2033941066400076274,False,249729,9392,21979,1096,21777023,3653,,zxx
2033939351563080062,2026-03-17T16:11:44.000Z,2026-03-17T12:11:44-04:00,iOS App Review delays are getting ridiculous https://t.co/2fIrMoYcO3,quote,True,,2033939351563080062,False,42669,2975,3657,390,49741938,2565,,en
2033938785499771223,2026-03-17T16:09:29.000Z,2026-03-17T12:09:29-04:00,2 heavy-class rocket flights in 10 hours https://t.co/nSMYiSqy09,quote,True,,2033938785499771223,False,75016,3477,9454,241,23082828,2034,,en
2033928851395645790,2026-03-17T15:30:01.000Z,2026-03-17T11:30:01-04:00,Good https://t.co/8yF8XGbak9,quote,True,,2033928851395645790,False,216064,5555,24013,551,84778619,2371,,en
2033928531454095679,2026-03-17T15:28:45.000Z,2026-03-17T11:28:45-04:00,"RT @dvorahfr: GROK IMAGINE PROMPT TIP: 
There's a very simple way to improve your prompts: use the prompts from the templates offered by Gr…",retweet,True,,2033928531454095679,False,0,0,673,0,107,0,,en
2033928468866711839,2026-03-17T15:28:30.000Z,2026-03-17T11:28:30-04:00,"RT @america: Oscars: ID required.

Voting in America: No ID required.",retweet,True,,2033928468866711839,False,0,0,2234,0,118,0,,en
2033928197017113043,2026-03-17T15:27:25.000Z,2026-03-17T11:27:25-04:00,"RT @art_muse: Try Grok Imagine for different art styles

Embroidery style 🌼 https://t.co/IR4R9TINig",retweet,True,,2033928197017113043,False,0,0,578,0,287,0,,en
2033928150833631599,2026-03-17T15:27:14.000Z,2026-03-17T11:27:14-04:00,RT @Rothmus: 🎯🎯🎯 https://t.co/Qn1tXaSzQm,retweet,True,,2033928150833631599,False,0,0,2391,0,149,0,,qme
2033927806380605764,2026-03-17T15:25:52.000Z,2026-03-17T11:25:52-04:00,RT @SpaceX: Falcon 9 launches 29 @Starlink satellites from Florida https://t.co/IR0izpiruf,retweet,True,,2033927806380605764,False,0,0,1541,0,139,0,,en
2033926137001480439,2026-03-17T15:19:14.000Z,2026-03-17T11:19:14-04:00,"RT @TeslaCharging: Free Supercharging temporarily enabled at

Dammam, Saudi Arabia https://t.co/v1WJf2nV1k
Jeddah, Saudi Arabia https://t.c…",retweet,True,,2033926137001480439,False,0,0,1024,0,185,0,,in
2033923452294598740,2026-03-17T15:08:34.000Z,2026-03-17T11:08:34-04:00,"RT @TheRabbitHole: Only Grok 4.20 follows the 3 Laws of Robotics:

1) A robot may not injure a human being or, through inaction, allow a hu…",retweet,True,,2033923452294598740,False,0,0,824,0,110,0,,en
2033922190333383090,2026-03-17T15:03:33.000Z,2026-03-17T11:03:33-04:00,Grok can watch videos for you https://t.co/4VQV7ANQxe,quote,True,,2033922190333383090,False,25187,4086,3866,361,15103464,3375,,en
2033921389053493473,2026-03-17T15:00:22.000Z,2026-03-17T11:00:22-04:00,"RT @C_3C_3: Elon and DOGE were right about all the fraud.

Trillions.",retweet,True,,2033921389053493473,False,0,0,4964,0,142,0,,en
2033891464812577158,2026-03-17T13:01:27.000Z,2026-03-17T09:01:27-04:00,"RT @ZoltanMerczel: Grok Imagine Extend from Frame💫

""Don't worry, my little friend, I will take good care of you""🥰

Sound ON🔊 https://t.co/…",retweet,True,,2033891464812577158,False,0,0,749,0,141,0,,en
2033890909734244591,2026-03-17T12:59:15.000Z,2026-03-17T08:59:15-04:00,"RT @art_muse: Grok Imagine Prompt Share: ethereal beautiful woman sitting gracefully in a vibrant wildflower meadow, long wavy light-brown…",retweet,True,,2033890909734244591,False,0,0,583,0,99,0,,en
2033888439930872298,2026-03-17T12:49:26.000Z,2026-03-17T08:49:26-04:00,RT @art_muse: Veil of Starlight and Foxfire Wings https://t.co/54fB4cY7xD,retweet,True,,2033888439930872298,False,0,0,667,0,426,0,,en
2033887129231900738,2026-03-17T12:44:14.000Z,2026-03-17T08:44:14-04:00,🍀 Happy St Patrick’s Day! 🍀 https://t.co/Ctl9lcFA6W,original,True,,2033887129231900738,False,834401,31119,52319,2890,48370123,11337,,en
2033886296985444765,2026-03-17T12:40:55.000Z,2026-03-17T08:40:55-04:00,Please offer your prompts to help new users make beautiful images and videos https://t.co/O5dXWcwmSh,quote,True,,2033886296985444765,False,35914,3797,5756,250,9527712,2831,,en
2033886037832044892,2026-03-17T12:39:53.000Z,2026-03-17T08:39:53-04:00,RT @KatieMiller: The case for data centers in space:,retweet,True,,2033886037832044892,False,0,0,536,0,130,0,,en
2033885236250161387,2026-03-17T12:36:42.000Z,2026-03-17T08:36:42-04:00,"Beautiful Grok Imagine
 https://t.co/txe6bKReaG",original,True,,2033885236250161387,False,42726,6225,5855,443,15221213,2826,,en
2033884950056079524,2026-03-17T12:35:34.000Z,2026-03-17T08:35:34-04:00,"RT @dvorahfr: Grok Imagine is capable of generating many styles. It's so much fun to try them out!
And always video extension up to 30sec h…",retweet,True,,2033884950056079524,False,0,0,493,0,85,0,,en
2033884519020040539,2026-03-17T12:33:51.000Z,2026-03-17T08:33:51-04:00,"RT @XFreeze: Your creativity, amplified by AI
Powered by Grok Imagine https://t.co/BzumP8yOAS",retweet,True,,2033884519020040539,False,0,0,555,0,205,0,,en
2033884214031225043,2026-03-17T12:32:39.000Z,2026-03-17T08:32:39-04:00,"New Roadster unveil hopefully next month. 

It will be a banger next-level. https://t.co/sO0iB63l07",quote,True,,2033884214031225043,False,161564,7022,13780,790,40992671,7213,,en
2033882011786699173,2026-03-17T12:23:53.000Z,2026-03-17T08:23:53-04:00,SpaceX is Caesar’s XIII Legion level good https://t.co/mdqrSSzC2f,quote,True,,2033882011786699173,False,67376,2459,9473,188,15226045,3891,,en
2033878786362782040,2026-03-17T12:11:04.000Z,2026-03-17T08:11:04-04:00,"RT @KatieMiller: Trial attorneys are the biggest scam. They pay plaintiffs to sue, take 90% of the verdict, and are often funded by private…",retweet,True,,2033878786362782040,False,0,0,889,0,83,0,,en
2033877744522756109,2026-03-17T12:06:56.000Z,2026-03-17T08:06:56-04:00,"@Scobleizer While others go to conferences, we study the blade https://t.co/HSlKetMPog",quote,True,13348,2033687781739008326,False,3355,345,256,35,177146,123,,en
2033876419017904229,2026-03-17T12:01:40.000Z,2026-03-17T08:01:40-04:00,True https://t.co/r7xRBbgPpL,quote,True,,2033876419017904229,False,141932,4725,25346,463,22976679,3662,,en
2033876250708873286,2026-03-17T12:01:00.000Z,2026-03-17T08:01:00-04:00,RT @GuntherEagleman: https://t.co/hKH4dPUxKH,retweet,True,,2033876250708873286,False,0,0,3746,0,188,0,,zxx
2033875815436587145,2026-03-17T11:59:16.000Z,2026-03-17T07:59:16-04:00,"By this weekend, xAI will have three Grok Build models in training simultaneously",original,True,,2033875815436587145,False,83568,6950,6115,642,57565431,2631,,en
2033874938105630812,2026-03-17T11:55:47.000Z,2026-03-17T07:55:47-04:00,RT @dvorahfr: The retro-futuristic style is very well done by Grok Imagine! I love it https://t.co/JEiyfWgFMk,retweet,True,,2033874938105630812,False,0,0,512,0,278,0,,en
2033873839315423523,2026-03-17T11:51:25.000Z,2026-03-17T07:51:25-04:00,"RT @XFreeze: Neuralink is not just going to repair sight - it's going to exceed the limits of human biology, eventually delivering high-res…",retweet,True,,2033873839315423523,False,0,0,3039,0,71,0,,en
2033819277917360579,2026-03-17T08:14:37.000Z,2026-03-17T04:14:37-04:00,"True. 

New Roadster unveil probably in late April. https://t.co/NShZxpK5cI",quote,True,,2033819277917360579,False,75930,4768,7907,527,25070167,2850,,en
2033815524757696828,2026-03-17T07:59:42.000Z,2026-03-17T03:59:42-04:00,"RT @MarioNawfal: Latest Grok 4.20. Not incremental. Have you tried it?

Multi-agent debate. Less guessing. More reasoning.

Real-time X dat…",retweet,True,,2033815524757696828,False,0,0,787,0,79,0,,en
2033814636697686060,2026-03-17T07:56:10.000Z,2026-03-17T03:56:10-04:00,Critical feedback is appreciated https://t.co/dJx5gna4Mg,quote,True,,2033814636697686060,False,23847,2724,2784,118,40065545,857,,en
2033814058164752675,2026-03-17T07:53:52.000Z,2026-03-17T03:53:52-04:00,RT @SpaceX: Falcon 9 lifts off from pad 4E in California and delivers 25 @Starlink satellites to low-Earth orbit https://t.co/xPvMJNSqmy,retweet,True,,2033814058164752675,False,0,0,1462,0,112,0,,en
2033805411242123749,2026-03-17T07:19:30.000Z,2026-03-17T03:19:30-04:00,Vital to the future of America https://t.co/V7yXJ1VvXr,quote,True,,2033805411242123749,False,164446,6428,31993,809,11691212,2186,,en
2033797070931538038,2026-03-17T06:46:22.000Z,2026-03-17T02:46:22-04:00,RT @Rothmus: https://t.co/ASOOnrXyUy,retweet,True,,2033797070931538038,False,0,0,2806,0,150,0,,zxx
2033796470290452890,2026-03-17T06:43:59.000Z,2026-03-17T02:43:59-04:00,"RT @SawyerMerritt: NEWS: @SpaceX has officially crossed 10,000 active Starlink satellites in orbit tonight!

Over two-thirds (66%) of all s…",retweet,True,,2033796470290452890,False,0,0,1309,0,96,0,,en
2033730636712972334,2026-03-17T02:22:23.000Z,2026-03-16T22:22:23-04:00,Wow https://t.co/EgF051PCCf,quote,True,,2033730636712972334,False,122745,8277,28791,1132,13651643,6851,,qst
2033682837925466384,2026-03-16T23:12:27.000Z,2026-03-16T19:12:27-04:00,AI will be so beautiful https://t.co/ODuMeJFH2U,quote,True,,2033682837925466384,False,65420,8387,6086,588,12153222,2936,,en
2033681871557824740,2026-03-16T23:08:36.000Z,2026-03-16T19:08:36-04:00,"Btw, the proceeds of any legal victory in the OpenAI case will be donated to charity. I will in no way enrich myself.",original,True,,2033681871557824740,False,295004,18458,22946,1890,70250302,7237,,en
2033676763046547483,2026-03-16T22:48:18.000Z,2026-03-16T18:48:18-04:00,"RT @SERobinsonJr: xAI NEWS: Paul Conyngham, a Sydney-based tech entrepreneur and AI consultant, used Grok to finalize a mRNA vaccine constr…",retweet,True,,2033676763046547483,False,0,0,1270,0,390,0,,en
2033669840138068046,2026-03-16T22:20:48.000Z,2026-03-16T18:20:48-04:00,"Rocket garden at Starbase. 

You can see this from the public highway. https://t.co/hvlSOHkLr0",quote,True,,2033669840138068046,False,278246,12784,25622,1113,38840777,6478,,en
2033669223868993992,2026-03-16T22:18:21.000Z,2026-03-16T18:18:21-04:00,"RT @pmarca: Read your Adler, Cuddihy, and Nietzsche, ffs. 🤦‍♂️",retweet,True,,2033669223868993992,False,0,0,677,0,358,0,,en
2033668509071544364,2026-03-16T22:15:30.000Z,2026-03-16T18:15:30-04:00,"RT @cremieuxrecueil: Ehrlich's legacy includes mass sterilization campaigns in India, China, and Peru.

India's program was at such a massi…",retweet,True,,2033668509071544364,False,0,0,973,0,292,0,,en
2033667752796557476,2026-03-16T22:12:30.000Z,2026-03-16T18:12:30-04:00,"RT @dvorahfr: xAI, to understand the Universe 
Grok Imagine to make it more beautiful https://t.co/xbNzfRhwPx",retweet,True,,2033667752796557476,False,0,0,776,0,370,0,,en
2033667687449260451,2026-03-16T22:12:15.000Z,2026-03-16T18:12:15-04:00,Grok https://t.co/DSwo52fLMQ,quote,True,,2033667687449260451,False,31861,3451,3228,207,64620278,1029,,en
2033667585280250005,2026-03-16T22:11:50.000Z,2026-03-16T18:11:50-04:00,"RT @xai: Grok's Text to Speech API is now available. 

Start building with natural voices and expressive controls to bring your apps to lif…",retweet,True,,2033667585280250005,False,0,0,966,0,239,0,,en
2033667261438038460,2026-03-16T22:10:33.000Z,2026-03-16T18:10:33-04:00,RT @pmarca: It is 100% true that great men and women of the past were not sitting around moaning about their feelings. I regret nothing.,retweet,True,,2033667261438038460,False,0,0,1556,0,262,0,,en
2033588487820349716,2026-03-16T16:57:32.000Z,2026-03-16T12:57:32-04:00,"RT @AlexanderPayton: People today forget or simply can’t believe how depraved Ehrlich really was:

Demanded that the FCC require TV shows t…",retweet,True,,2033588487820349716,False,0,0,2189,0,865,0,,en
2033530483804717405,2026-03-16T13:07:03.000Z,2026-03-16T09:07:03-04:00,Oscars have become unwatchable https://t.co/dgJ7coftIa,quote,True,,2033530483804717405,False,239408,12342,24779,1023,78699189,5273,,en
2033507261382025407,2026-03-16T11:34:46.000Z,2026-03-16T07:34:46-04:00,"RT @tetsuoai: Gn, 𝕏..·˚ ༘ ☾ ⋆｡˚ ☄︎

Grok Imagine ""extend from frame"" 30 second continuous video.💫 https://t.co/XHrdpXhnZA",retweet,True,,2033507261382025407,False,0,0,1042,0,546,0,,en
2033506809471000587,2026-03-16T11:32:58.000Z,2026-03-16T07:32:58-04:00,RT @DefiantLs: 💯 https://t.co/BYoaTiZMQa,retweet,True,,2033506809471000587,False,0,0,2634,0,354,0,,qme
2033443970563600726,2026-03-16T07:23:16.000Z,2026-03-16T03:23:16-04:00,RT @cb_doge: United Airlines is showing a @Starlink commercial during the flight. https://t.co/vnyoNA4N0U,retweet,True,,2033443970563600726,False,0,0,1206,0,303,0,,en
2033442939796681132,2026-03-16T07:19:11.000Z,2026-03-16T03:19:11-04:00,Grok Imagine triple gold 🥇🥇🥇 https://t.co/F97brAW2Rr,quote,True,,2033442939796681132,False,33659,3893,6057,208,16660872,1325,,en
2033442235480735906,2026-03-16T07:16:23.000Z,2026-03-16T03:16:23-04:00,RT @EvaFox: Elon Musk tells his favorite joke about economists😂 https://t.co/gat9kWrmeT,retweet,True,,2033442235480735906,False,0,0,1805,0,439,0,,en
2033441907741995186,2026-03-16T07:15:04.000Z,2026-03-16T03:15:04-04:00,Starlink available in Central African Republic 🇨🇫 https://t.co/WXsuQk7Uat,quote,True,,2033441907741995186,False,84511,7820,9645,640,40495133,3566,,en
2033410934170153087,2026-03-16T05:12:00.000Z,2026-03-16T01:12:00-04:00,Grok https://t.co/KLy3YOdsvd,quote,True,,2033410934170153087,False,21756,2225,3003,109,58368775,1371,,en
2033385703036576194,2026-03-16T03:31:44.000Z,2026-03-15T23:31:44-04:00,RT @pmarca: There is no substitute for the person who Knows What To Do.,retweet,True,,2033385703036576194,False,0,0,2791,0,235,0,,en
2033385607771328737,2026-03-16T03:31:22.000Z,2026-03-15T23:31:22-04:00,RT @elonmusk: @Asmongold @ComicDaveSmith America does not have “magic ground” that fundamentally changes who people are when they arrive he…,retweet,True,,2033385607771328737,False,0,0,5516,0,140,0,,en
2033383517674221595,2026-03-16T03:23:03.000Z,2026-03-15T23:23:03-04:00,Grok https://t.co/X9t4UTEPMl,quote,True,,2033383517674221595,False,75704,3596,12500,338,12268711,5075,,en
2033371330159227232,2026-03-16T02:34:37.000Z,2026-03-15T22:34:37-04:00,"RT @ZhibeiM: Being ranked #1 doesn’t mean we’re good enough. It only means we're more *reasonable* than others.
There’s still a lot of work…",retweet,True,,2033371330159227232,False,0,0,772,0,242,0,,en
2033322630129037386,2026-03-15T23:21:06.000Z,2026-03-15T19:21:06-04:00,RT @dvorahfr: UPDATE Grok Imagine 💫✨️ https://t.co/T6AjEMCFRt,retweet,True,,2033322630129037386,False,0,0,903,0,209,0,,en
2033266160071028817,2026-03-15T19:36:43.000Z,2026-03-15T15:36:43-04:00,🤷‍♂️😂 https://t.co/L0riHKnlw4,quote,True,,2033266160071028817,False,208193,5323,11882,347,31573671,9016,,art
2033265621564309843,2026-03-15T19:34:35.000Z,2026-03-15T15:34:35-04:00,This happened under a “conservative” government https://t.co/xNxL9pS0f5,quote,True,,2033265621564309843,False,164715,6241,24806,546,25591821,7889,,en
2033265034206630119,2026-03-15T19:32:15.000Z,2026-03-15T15:32:15-04:00,It happened yet again https://t.co/1Wlx0YEbl7,quote,True,,2033265034206630119,False,224524,6352,35831,629,74847478,5803,,en
2033264852190511416,2026-03-15T19:31:31.000Z,2026-03-15T15:31:31-04:00,RT @skscartoon: Britain's sad legal reality is that people who complain and protest about migrant crimes often get punished more severely t…,retweet,True,,2033264852190511416,False,0,0,2792,0,168,0,,en
2033169046712291734,2026-03-15T13:10:49.000Z,2026-03-15T09:10:49-04:00,RT @DJSnM: The computational power in your iPhone’s CHARGER is more than what was used to land on the moon.,retweet,True,,2033169046712291734,False,0,0,1462,0,396,0,,en
2033168451595014359,2026-03-15T13:08:27.000Z,2026-03-15T09:08:27-04:00,"RT @IraninSA: We received the letter of condolence from H. E. @CyrilRamaphosa following the martyrdom of Imam Khamenei.
Iran and South Afri…",retweet,True,,2033168451595014359,False,0,0,2699,0,281,0,,en
2033167175532654903,2026-03-15T13:03:23.000Z,2026-03-15T09:03:23-04:00,RT @RestoreBritain_: A Restore Britain Government would defund the BBC. https://t.co/K63UGn7DSw,retweet,True,,2033167175532654903,False,0,0,4559,0,415,0,,en
2033163843363610791,2026-03-15T12:50:09.000Z,2026-03-15T08:50:09-04:00,The Age of the Last Men https://t.co/QnuVhYA7KU,original,True,,2033163843363610791,False,19880,2318,3142,211,56338803,7261,,en
2033083894506144116,2026-03-15T07:32:27.000Z,2026-03-15T03:32:27-04:00,"RT @Dannyjokes: Fired USAID Employee In Charge of Making Countries Gay Speaks Out

 https://t.co/wFnj3WlhyO",retweet,True,,2033083894506144116,False,0,0,2565,0,712,0,,en
2033083250139439308,2026-03-15T07:29:54.000Z,2026-03-15T03:29:54-04:00,"RT @AJamesMcCarthy: The planet Saturn, captured during it's closest approach to Earth from the top of a parking garage in the heart of Los…",retweet,True,,2033083250139439308,False,0,0,2095,0,208,0,,en
2033078095624966428,2026-03-15T07:09:25.000Z,2026-03-15T03:09:25-04:00,Yes https://t.co/jnJvzDrTOe,quote,True,,2033078095624966428,False,324096,12186,39707,1181,53129097,9106,,qst
2033077899717431359,2026-03-15T07:08:38.000Z,2026-03-15T03:08:38-04:00,RT @GigaBasedDad: 🎯 https://t.co/dzCzKEB1Pv,retweet,True,,2033077899717431359,False,0,0,2335,0,212,0,,qme
2033077604367085649,2026-03-15T07:07:28.000Z,2026-03-15T03:07:28-04:00,RT @niccruzpatane: Evolution of the Taxi https://t.co/DpVJ69Kud1,retweet,True,,2033077604367085649,False,0,0,1381,0,204,0,,en
2033072640555102666,2026-03-15T06:47:44.000Z,2026-03-15T02:47:44-04:00,Starlink now available in Kuwait! https://t.co/kkP4vwDsHO,quote,True,,2033072640555102666,False,131480,23196,14521,983,42014154,5037,,en
2033070591666958516,2026-03-15T06:39:36.000Z,2026-03-15T02:39:36-04:00,"RT @niccruzpatane: PBD Podcast on Elon Musk: 

“Whoever creates the most value for everybody else should end up with the most resources. Na…",retweet,True,,2033070591666958516,False,0,0,1353,0,92,0,,en
2033070026568380871,2026-03-15T06:37:21.000Z,2026-03-15T02:37:21-04:00,Couldn’t script it better https://t.co/gNerF2QUzq,quote,True,,2033070026568380871,False,478071,6171,52143,604,42833645,14303,,en
2033069612108218818,2026-03-15T06:35:42.000Z,2026-03-15T02:35:42-04:00,"RT @XFreeze: Grok Imagine gets the vibe, iterates the world you imagine https://t.co/jjQgSLW8A6",retweet,True,,2033069612108218818,False,0,0,937,0,300,0,,en
2033069310835617965,2026-03-15T06:34:30.000Z,2026-03-15T02:34:30-04:00,Welcome to the PvP of social media https://t.co/PAMnicagbq,quote,True,,2033069310835617965,False,154847,8106,11613,864,43198384,5321,,en
2033065192662380793,2026-03-15T06:18:09.000Z,2026-03-15T02:18:09-04:00,RT @dvorahfr: A touch of romance for your day thanks to Grok Imagine https://t.co/FTtQnrtdIP,retweet,True,,2033065192662380793,False,0,0,846,0,232,0,,en
2033064125476253729,2026-03-15T06:13:54.000Z,2026-03-15T02:13:54-04:00,🥧 https://t.co/KqVyNhoWQ7,quote,True,,2033064125476253729,False,142044,7658,18080,577,29485455,3148,,art
2033063032801378656,2026-03-15T06:09:34.000Z,2026-03-15T02:09:34-04:00,This is the only way to save Britain. There is no other. https://t.co/EpdmZO7uay,quote,True,,2033063032801378656,False,230214,7824,38647,836,23729895,4910,,en
2033062669197213955,2026-03-15T06:08:07.000Z,2026-03-15T02:08:07-04:00,True https://t.co/uCm8ByEWb0,quote,True,,2033062669197213955,False,5242,543,1404,36,1310729,898,,en
2033057394478223780,2026-03-15T05:47:09.000Z,2026-03-15T01:47:09-04:00,"RT @BrianRoemmele: “I think the next company I do will have a long  beneficial effect”—@elonmusk, 2001

Mission accomplished sir. Mission a…",retweet,True,,2033057394478223780,False,0,0,927,0,102,0,,en
2033056916348481772,2026-03-15T05:45:15.000Z,2026-03-15T01:45:15-04:00,Yeah https://t.co/NWe6vcVUqd,quote,True,,2033056916348481772,False,81096,3610,5881,317,103580443,4471,,en
2033054097390318013,2026-03-15T05:34:03.000Z,2026-03-15T01:34:03-04:00,This is real explanation https://t.co/XQBg895FLN,quote,True,,2033054097390318013,False,235276,7694,27021,837,36844951,17112,,en
2033050617707721027,2026-03-15T05:20:14.000Z,2026-03-15T01:20:14-04:00,RT @cybertruck: https://t.co/b0qvto54C8,retweet,True,,2033050617707721027,False,0,0,1248,0,243,0,,zxx
2033008730913259959,2026-03-15T02:33:47.000Z,2026-03-14T22:33:47-04:00,"RT @Designarena: BREAKING: Grok Imagine by @xai takes 1st overall on Video Editing Arena, with an overall Elo of 1290.

The team's debut vi…",retweet,True,,2033008730913259959,False,0,0,775,0,194,0,,en
2033008480672690226,2026-03-15T02:32:47.000Z,2026-03-14T22:32:47-04:00,"RT @karaebel: Created using Grok Imagine multi-image to video.  

4 base images, 6 videos. https://t.co/3XjtkYCPoq",retweet,True,,2033008480672690226,False,0,0,695,0,417,0,,en
